id,field_person,field_related_by,field_related_to
32933,29262,parent,32932
32935,29263,parent,32934
32937,29264,parent,32936
32939,29265,parent,32938
32941,29266,parent,32940
32943,29267,parent,32942
32945,29268,parent,32944
32947,29269,parent,32946
32949,29270,parent,32948
32951,29271,parent,32950
32953,29272,parent,32952
32955,29273,parent,32954
32957,29274,parent,32956
32959,29275,parent,32958
32961,29276,parent,32960
32963,29277,parent,32962
32965,29278,parent,32964
32967,29279,parent,32966
32969,29280,parent,32968
32971,29281,parent,32970
33287,29397,parent,33286
33289,29398,parent,33288
33351,29427,parent,33350
33357,29430,parent,33356
33359,29431,parent,33358
33361,29432,parent,33360
33363,29433,parent,33362
33365,29434,parent,33364
33367,29435,parent,33366
33369,29436,parent,33368
33371,29437,parent,33370
33373,29438,parent,33372
34375,29936,parent,34374
34911,30202,parent,34910
34913,30203,parent,34912
34915,30204,parent,34914
34917,30205,parent,34916
34919,30206,parent,34918
34921,30207,parent,34920
34923,30208,parent,34922
34925,30209,parent,34924
34927,30210,parent,34926
34929,30211,parent,34928
34931,30212,parent,34930
34933,30213,parent,34932
34935,30214,parent,34934
34937,30215,parent,34936
34939,30216,parent,34938
34941,30217,parent,34940
34943,30218,parent,34942
34945,30219,parent,34944
34947,30220,parent,34946
34949,30221,parent,34948
34951,30222,parent,34950
34953,30223,parent,34952
34955,30224,parent,34954
34957,30226,parent,34956
34959,30227,parent,34958
34961,30228,parent,34960
34963,30229,parent,34962
34965,30230,parent,34964
34967,30231,parent,34966
34969,30232,parent,34968
34971,30233,parent,34970
34973,30234,parent,34972
34975,30235,parent,34974
34977,30236,parent,34976
34979,30237,parent,34978
34981,30238,parent,34980
34983,30239,parent,34982
34985,30240,parent,34984
34987,30241,parent,34986
34989,30242,parent,34988
34991,30243,parent,34990
34993,30244,parent,34992
34995,30245,parent,34994
34997,30246,parent,34996
34999,30246,parent,34998
35001,30247,parent,35000
35003,30248,parent,35002
35005,30249,parent,35004
35007,30250,parent,35006
35009,30251,parent,35008
35011,30252,parent,35010
35013,30253,parent,35012
35015,30254,parent,35014
35017,30255,parent,35016
35019,30256,parent,35018
35021,30257,parent,35020
35023,30258,parent,35022
35025,30259,parent,35024
35027,30260,parent,35026
35029,30261,parent,35028
35031,30262,parent,35030
35033,30263,parent,35032
35035,30264,parent,35034
35037,30265,parent,35036
35039,30266,parent,35038
35041,30267,parent,35040
35043,30268,parent,35042
35045,30269,parent,35044
35047,30270,parent,35046
35049,30271,parent,35048
35051,30272,parent,35050
35053,30273,parent,35052
35055,30274,parent,35054
35057,30275,parent,35056
35059,30276,parent,35058
35061,30277,parent,35060
35063,30278,parent,35062
35065,30279,parent,35064
35067,30280,parent,35066
35069,30281,parent,35068
35071,30282,parent,35070
35073,30283,parent,35072
35075,30284,parent,35074
35077,30285,parent,35076
35079,30286,parent,35078
35081,30287,parent,35080
35083,30288,parent,35082
35085,30289,parent,35084
35087,30290,parent,35086
35089,30291,parent,35088
35091,30292,parent,35090
35093,30293,parent,35092
35095,30294,parent,35094
35097,30295,parent,35096
35099,30296,parent,35098
35101,30297,parent,35100
35103,30298,parent,35102
35105,30299,parent,35104
35107,30300,parent,35106
35109,30301,parent,35108
35111,30302,parent,35110
35113,30303,parent,35112
35115,30304,parent,35114
35117,30305,parent,35116
35119,30306,parent,35118
35121,30307,parent,35120
35123,30308,parent,35122
35125,30309,parent,35124
35127,30310,parent,35126
35129,30311,parent,35128
35131,30312,parent,35130
35133,30313,parent,35132
35135,30314,parent,35134
35137,30315,parent,35136
35139,30316,parent,35138
35141,30317,parent,35140
35143,30318,parent,35142
35145,30319,parent,35144
35147,30320,parent,35146
35149,30321,parent,35148
35151,30322,parent,35150
35153,30323,parent,35152
35155,30324,parent,35154
35157,30325,parent,35156
35159,30326,parent,35158
35161,30327,parent,35160
35163,30328,parent,35162
35165,30329,parent,35164
35167,30330,parent,35166
35169,30331,parent,35168
35171,30332,parent,35170
35173,30333,parent,35172
35175,30334,parent,35174
35177,30335,parent,35176
35179,30336,parent,35178
35181,30337,parent,35180
35183,30338,parent,35182
35185,30339,parent,35184
35187,30340,parent,35186
35189,30341,parent,35188
35191,30342,parent,35190
35193,30343,parent,35192
35195,30344,parent,35194
35197,30345,parent,35196
35199,30346,parent,35198
35201,30347,parent,35200
35203,30348,parent,35202
35205,30349,parent,35204
35207,30350,parent,35206
35209,30351,parent,35208
35211,30352,parent,35210
35213,30353,parent,35212
35215,30354,parent,35214
35217,30355,parent,35216
35219,30356,parent,35218
35221,30357,parent,35220
35223,30358,parent,35222
35225,30359,parent,35224
35227,30360,parent,35226
35229,30361,parent,35228
35231,30362,parent,35230
35233,30363,parent,35232
35235,30364,parent,35234
35237,30365,parent,35236
35239,30366,parent,35238
35241,30367,parent,35240
35243,30368,parent,35242
35245,30369,parent,35244
35247,30370,parent,35246
35249,30371,parent,35248
35251,30372,parent,35250
35253,30373,parent,35252
35255,30374,parent,35254
35257,30375,parent,35256
35259,30376,parent,35258
35261,30377,parent,35260
35263,30378,parent,35262
35265,30379,parent,35264
35267,30380,parent,35266
35269,30381,parent,35268
35271,30382,parent,35270
35273,30383,parent,35272
35275,30384,parent,35274
35277,30385,parent,35276
35279,30386,parent,35278
35281,30387,parent,35280
35283,30388,parent,35282
35285,30389,parent,35284
35287,30390,parent,35286
35289,30391,parent,35288
35291,30392,parent,35290
35293,30393,parent,35292
35295,30394,parent,35294
35297,30395,parent,35296
35299,30396,parent,35298
35301,30397,parent,35300
35303,30398,parent,35302
35305,30399,parent,35304
35307,30400,parent,35306
35309,30401,parent,35308
35311,30402,parent,35310
35313,30403,parent,35312
35315,30404,parent,35314
35317,30405,parent,35316
35319,30406,parent,35318
35321,30407,parent,35320
35323,30408,parent,35322
35325,30409,parent,35324
35327,30410,parent,35326
35329,30411,parent,35328
35331,30412,parent,35330
35333,30413,parent,35332
35335,30414,parent,35334
35337,30415,parent,35336
35339,30416,parent,35338
35341,30417,parent,35340
35343,30418,parent,35342
35345,30419,parent,35344
35347,30420,parent,35346
35349,30421,parent,35348
35351,30422,parent,35350
35353,30423,parent,35352
35355,30424,parent,35354
35357,30425,parent,35356
35359,30426,parent,35358
35361,30427,parent,35360
35363,30428,parent,35362
35365,30429,parent,35364
35367,30430,parent,35366
35369,30431,parent,35368
35371,30432,parent,35370
35373,30433,parent,35372
35375,30434,parent,35374
35377,30435,parent,35376
35379,30436,parent,35378
35381,30437,parent,35380
35383,30438,parent,35382
35385,30439,parent,35384
35387,30440,parent,35386
35389,30441,parent,35388
35391,30442,parent,35390
35393,30443,parent,35392
35395,30444,parent,35394
35397,30445,parent,35396
35399,30446,parent,35398
35401,30447,parent,35400
35403,30448,parent,35402
35405,30449,parent,35404
35407,30450,parent,35406
35409,30451,parent,35408
35411,30452,parent,35410
35413,30453,parent,35412
35415,30454,parent,35414
35417,30455,parent,35416
35419,30456,parent,35418
35421,30457,parent,35420
35423,30458,parent,35422
35425,30459,parent,35424
35427,30460,parent,35426
35429,30461,parent,35428
35431,30462,parent,35430
35433,30463,parent,35432
35435,30464,parent,35434
35437,30465,parent,35436
35439,30466,parent,35438
35441,30467,parent,35440
35443,30468,parent,35442
35445,30469,parent,35444
35447,30470,parent,35446
35449,30471,parent,35448
35451,30472,parent,35450
35453,30473,parent,35452
35455,30474,parent,35454
35457,30475,parent,35456
35459,30476,parent,35458
35461,30477,parent,35460
35463,30478,parent,35462
35465,30479,parent,35464
35467,30480,parent,35466
35469,30481,parent,35468
35471,30482,parent,35470
35473,30483,parent,35472
35475,30484,parent,35474
35477,30485,parent,35476
35479,30486,parent,35478
35481,30487,parent,35480
35483,30488,parent,35482
35485,30489,parent,35484
35487,30490,parent,35486
35489,30491,parent,35488
35491,30492,parent,35490
35493,30493,parent,35492
35495,30494,parent,35494
35497,30495,parent,35496
35499,30496,parent,35498
35501,30497,parent,35500
35503,30498,parent,35502
35505,30499,parent,35504
35507,30500,parent,35506
35509,30501,parent,35508
35511,30502,parent,35510
35513,30503,parent,35512
35515,30504,parent,35514
35517,30505,parent,35516
35519,30506,parent,35518
35521,30507,parent,35520
35523,30508,parent,35522
35525,30509,parent,35524
35527,30510,parent,35526
35529,30511,parent,35528
35531,30512,parent,35530
37917,31702,parent,37916
37919,31703,parent,37918
37921,31704,parent,37920
37923,31705,parent,37922
37925,31706,parent,37924
37927,31707,parent,37926
37929,31708,parent,37928
37931,31709,parent,37930
37933,31710,parent,37932
37935,31711,parent,37934
37937,31712,parent,37936
37939,31713,parent,37938
37941,31714,parent,37940
37943,31715,parent,37942
37945,31716,parent,37944
37947,31717,parent,37946
38009,31747,parent,38008
38011,31748,parent,38010
38013,31749,parent,38012
38015,31750,parent,38014
38017,31751,parent,38016
38019,31752,parent,38018
38021,31753,parent,38020
38023,31754,parent,38022
38025,31755,parent,38024
38027,31756,parent,38026
38029,31757,parent,38028
38031,31758,parent,38030
38033,31759,parent,38032
38035,31760,parent,38034
38037,31761,parent,38036
38039,31762,parent,38038
47209,47206,parent,47207
47213,47210,parent,47211
47216,47210,parent,47214
49189,49184,parent,49185
53323,53320,parent,53321
53374,53320,parent,53321
53425,53320,parent,53321
53484,53320,parent,53321
53505,53320,parent,53321
53514,53320,parent,53321
53538,53320,parent,53321
53682,53320,parent,53321
53735,53320,parent,53321
53786,53320,parent,53321
53837,53320,parent,53321
53327,53324,parent,53325
53378,53324,parent,53325
53429,53324,parent,53325
53488,53324,parent,53325
53517,53324,parent,53325
53528,53324,parent,53325
53553,53324,parent,53325
53686,53324,parent,53325
53739,53324,parent,53325
53790,53324,parent,53325
53841,53324,parent,53325
53331,53328,parent,53329
53382,53328,parent,53329
53433,53328,parent,53329
53492,53328,parent,53329
53530,53328,parent,53329
53544,53328,parent,53329
53567,53328,parent,53329
53690,53328,parent,53329
53743,53328,parent,53329
53794,53328,parent,53329
53845,53328,parent,53329
53335,53332,parent,53333
53386,53332,parent,53333
53437,53332,parent,53333
53496,53332,parent,53333
53547,53332,parent,53333
53560,53332,parent,53333
53582,53332,parent,53333
53694,53332,parent,53333
53747,53332,parent,53333
53798,53332,parent,53333
53849,53332,parent,53333
53339,53336,parent,53337
53390,53336,parent,53337
53441,53336,parent,53337
53504,53336,parent,53337
53563,53336,parent,53337
53575,53336,parent,53337
53598,53336,parent,53337
53698,53336,parent,53337
53751,53336,parent,53337
53802,53336,parent,53337
53853,53336,parent,53337
53343,53340,parent,53341
53394,53340,parent,53341
53445,53340,parent,53341
53516,53340,parent,53341
53579,53340,parent,53341
53591,53340,parent,53341
53614,53340,parent,53341
53702,53340,parent,53341
53755,53340,parent,53341
53806,53340,parent,53341
53857,53340,parent,53341
53347,53344,parent,53345
53398,53344,parent,53345
53449,53344,parent,53345
53532,53344,parent,53345
53596,53344,parent,53345
53607,53344,parent,53345
53627,53344,parent,53345
53706,53344,parent,53345
53759,53344,parent,53345
53810,53344,parent,53345
53861,53344,parent,53345
53351,53348,parent,53349
53402,53348,parent,53349
53453,53348,parent,53349
53549,53348,parent,53349
53611,53348,parent,53349
53622,53348,parent,53349
53636,53348,parent,53349
53710,53348,parent,53349
53763,53348,parent,53349
53814,53348,parent,53349
53865,53348,parent,53349
53355,53352,parent,53353
53406,53352,parent,53353
53457,53352,parent,53353
53565,53352,parent,53353
53625,53352,parent,53353
53633,53352,parent,53353
53644,53352,parent,53353
53714,53352,parent,53353
53767,53352,parent,53353
53818,53352,parent,53353
53869,53352,parent,53353
61141,61138,parent,61139
61145,61142,parent,61143
61149,61146,parent,61147
63364,63361,parent,63362
63368,63365,parent,63366
64647,64644,parent,64645
65786,64648,parent,65784
65790,65787,parent,65788
65796,65793,parent,65794
65800,65797,parent,65798
65804,65801,parent,65802
65808,65805,parent,65806
65812,65809,parent,65810
65849,65846,parent,65847
66450,65850,parent,66448
66454,66451,parent,66452
66458,66455,parent,66456
66685,66682,parent,66683
66718,66715,parent,66716
80356,80353,parent,80354
83220,83217,parent,83218
83225,83222,parent,83223
83229,83226,parent,83227
83233,83230,parent,83231
83237,83234,parent,83235
83241,83238,caregiver,83239
83245,83242,parent,83243
83249,83246,parent,83247
83253,83250,parent,83251
83257,83254,parent,83255
83262,83259,parent,83260
84094,84091,parent,84092
84098,84095,parent,84096
84118,84115,parent,84116
91513,91510,parent,91511
92630,92627,parent,92628
93784,93781,parent,93782
97116,97113,parent,97114
97120,97117,parent,97118
100982,100979,parent,100980
108672,108669,parent,108670
108676,108673,parent,108674
113760,113757,parent,113758
113766,113763,parent,113764
114080,114077,parent,114078
123378,123375,parent,123376
123387,123384,parent,123385
123391,123388,parent,123389
123397,123394,parent,123395
123401,123398,parent,123399
123405,123402,parent,123403
123409,123406,parent,123407
123413,123410,parent,123411
126282,126279,parent,126280
126286,126283,parent,126284
126291,126287,parent,126288
126294,126290,parent,126292
126298,126295,parent,126296
126302,126299,parent,126300
126306,126303,parent,126304
144860,144857,parent,144858
177737,177734,parent,177735
178241,178238,parent,178239
178245,178242,parent,178243
178250,178247,parent,178248
189490,189487,parent,189488
189494,189491,parent,189492
189498,189495,parent,189496
189502,189499,parent,189500
189506,189503,parent,189504
193772,193769,parent,193770
195011,195008,parent,195009
195158,195155,parent,195156
195953,195950,parent,195951
195957,195954,parent,195955
195961,195958,parent,195959
197447,197444,parent,197445
197734,197731,parent,197732
197846,197843,parent,197844
197953,197950,parent,197951
197957,197954,parent,197955
200250,200247,parent,200248
200270,200267,parent,200268
200830,200827,parent,200828
201623,201620,parent,201621
33011,29301,parent,33010
33013,29302,parent,33012
33015,29303,parent,33014
33017,29304,parent,33016
33019,29305,parent,33018
33021,29306,parent,33020
33023,29307,parent,33022
33025,29308,parent,33024
33027,29309,parent,33026
33029,29310,parent,33028
33031,29311,parent,33030
33033,29312,parent,33032
33035,29313,parent,33034
33037,29314,parent,33036
33039,29315,parent,33038
33041,29316,parent,33040
33043,29317,parent,33042
33045,29318,parent,33044
33275,29391,parent,33274
33277,29392,parent,33276
33309,29408,parent,33308
33311,29409,parent,33310
33313,29409,parent,33312
33315,29410,parent,33314
33323,29414,parent,33322
33355,29429,parent,33354
33739,29615,parent,33738
33741,29616,parent,33740
33743,29617,parent,33742
33745,29618,parent,33744
33747,29619,parent,33746
33749,29620,parent,33748
33751,29621,parent,33750
33753,29622,parent,33752
33755,29623,parent,33754
33757,29624,parent,33756
33759,29625,parent,33758
33761,29626,parent,33760
33763,29627,parent,33762
33765,29628,parent,33764
33767,29629,parent,33766
33769,29630,parent,33768
33771,29631,parent,33770
33773,29632,parent,33772
33775,29633,parent,33774
33777,29634,parent,33776
33779,29635,parent,33778
33781,29636,parent,33780
33783,29637,parent,33782
33785,29638,parent,33784
33787,29639,parent,33786
33789,29640,parent,33788
33791,29641,parent,33790
33793,29642,parent,33792
33795,29643,parent,33794
33797,29644,parent,33796
33799,29645,parent,33798
33801,29646,parent,33800
33803,29647,parent,33802
33805,29648,parent,33804
33807,29649,parent,33806
33809,29650,parent,33808
33811,29651,parent,33810
33813,29652,parent,33812
33815,29653,parent,33814
33817,29654,parent,33816
33819,29655,parent,33818
33821,29656,parent,33820
33823,29657,parent,33822
33825,29658,parent,33824
33827,29659,parent,33826
33829,29660,parent,33828
33831,29661,parent,33830
33833,29662,parent,33832
33835,29663,parent,33834
33837,29664,parent,33836
33839,29665,parent,33838
33841,29666,parent,33840
33843,29667,parent,33842
33845,29668,parent,33844
33847,29669,parent,33846
33849,29670,parent,33848
33851,29671,parent,33850
33853,29672,parent,33852
33855,29673,parent,33854
33857,29674,parent,33856
33859,29675,parent,33858
33861,29676,parent,33860
33863,29677,parent,33862
33865,29678,parent,33864
33867,29679,parent,33866
33869,29680,parent,33868
33871,29681,parent,33870
33873,29682,parent,33872
33875,29683,parent,33874
33877,29684,parent,33876
33879,29685,parent,33878
33881,29686,parent,33880
33883,29687,parent,33882
33885,29688,parent,33884
33887,29689,parent,33886
33889,29690,parent,33888
33891,29691,parent,33890
33893,29692,parent,33892
33895,29693,parent,33894
33897,29694,parent,33896
33899,29695,parent,33898
33901,29696,parent,33900
33903,29697,parent,33902
33905,29698,parent,33904
33907,29699,parent,33906
33909,29700,parent,33908
33911,29701,parent,33910
33913,29702,parent,33912
33915,29703,parent,33914
33917,29704,parent,33916
33919,29705,parent,33918
33921,29706,parent,33920
33923,29707,parent,33922
33925,29708,parent,33924
33927,29709,parent,33926
33929,29710,parent,33928
33931,29711,parent,33930
33933,29712,parent,33932
33935,29713,parent,33934
33937,29714,parent,33936
33939,29715,parent,33938
33941,29716,parent,33940
33943,29717,parent,33942
33945,29718,parent,33944
33947,29719,parent,33946
33949,29720,parent,33948
33951,29721,parent,33950
33953,29722,parent,33952
33955,29723,parent,33954
33957,29724,parent,33956
33959,29725,parent,33958
33961,29726,parent,33960
33963,29727,parent,33962
33965,29728,parent,33964
33967,29729,parent,33966
33969,29730,parent,33968
33971,29731,parent,33970
33973,29732,parent,33972
33975,29733,parent,33974
134279,29733,parent,134277
33977,29734,parent,33976
33979,29735,parent,33978
33981,29736,parent,33980
33983,29737,parent,33982
33985,29738,parent,33984
33987,29739,parent,33986
33989,29740,parent,33988
33991,29741,parent,33990
33993,29742,parent,33992
33995,29743,parent,33994
33997,29744,parent,33996
33999,29745,parent,33998
34001,29746,parent,34000
34003,29747,parent,34002
34005,29748,parent,34004
34007,29749,parent,34006
34009,29750,parent,34008
34191,29841,parent,34190
34193,29842,parent,34192
34195,29843,parent,34194
34197,29844,parent,34196
34199,29845,parent,34198
34201,29846,parent,34200
34203,29847,parent,34202
34205,29848,parent,34204
34207,29849,parent,34206
34209,29851,parent,34208
34211,29852,parent,34210
34213,29853,parent,34212
34215,29854,parent,34214
34219,29856,parent,34218
34221,29857,parent,34220
34223,29858,parent,34222
34225,29859,parent,34224
34227,29860,parent,34226
34229,29861,parent,34228
34231,29862,parent,34230
34233,29863,parent,34232
34235,29864,parent,34234
34237,29865,parent,34236
34239,29866,parent,34238
34241,29867,parent,34240
34247,29870,parent,34246
34249,29871,parent,34248
34251,29872,parent,34250
34253,29873,parent,34252
34255,29874,parent,34254
34257,29875,parent,34256
34259,29876,parent,34258
34261,29877,parent,34260
34263,29878,parent,34262
34265,29879,parent,34264
34267,29880,parent,34266
34269,29881,parent,34268
34271,29882,parent,34270
34273,29883,parent,34272
34275,29884,parent,34274
34277,29885,parent,34276
34279,29886,parent,34278
34281,29887,parent,34280
34283,29888,parent,34282
34285,29889,parent,34284
34287,29890,parent,34286
34289,29891,parent,34288
34291,29892,parent,34290
34293,29893,parent,34292
34295,29894,parent,34294
34297,29895,parent,34296
34299,29896,parent,34298
34301,29897,parent,34300
34303,29898,parent,34302
34305,29899,parent,34304
34307,29900,parent,34306
34309,29901,parent,34308
34311,29902,parent,34310
34313,29903,parent,34312
34315,29904,parent,34314
34317,29905,parent,34316
34319,29906,parent,34318
34321,29907,parent,34320
34323,29908,parent,34322
34325,29909,parent,34324
34327,29910,parent,34326
34329,29911,parent,34328
34331,29912,parent,34330
34333,29913,parent,34332
34335,29914,parent,34334
34337,29915,parent,34336
34339,29916,parent,34338
34341,29917,parent,34340
34343,29918,parent,34342
34345,29919,parent,34344
34347,29920,parent,34346
34349,29921,parent,34348
34351,29922,parent,34350
35569,30531,parent,35568
35571,30532,parent,35570
35573,30533,parent,35572
35575,30534,parent,35574
35577,30535,parent,35576
35579,30536,parent,35578
35581,30537,parent,35580
35583,30538,parent,35582
35585,30539,parent,35584
35587,30540,parent,35586
35589,30541,parent,35588
35591,30542,parent,35590
35593,30543,parent,35592
35595,30544,parent,35594
35597,30545,parent,35596
35599,30546,parent,35598
36547,31016,parent,36546
37373,31430,parent,37372
37375,31431,parent,37374
37377,31432,parent,37376
37379,31433,parent,37378
37381,31434,parent,37380
37385,31435,parent,37384
37389,31436,parent,37388
37391,31437,parent,37390
37393,31438,parent,37392
37397,31439,parent,37396
37383,31440,parent,37382
37387,31441,parent,37386
37395,31442,parent,37394
37399,31443,parent,37398
37401,31444,parent,37400
37403,31445,parent,37402
37405,31447,parent,37404
37407,31448,parent,37406
38059,31773,parent,38058
41185,41183,parent,41182
72358,41183,parent,72354
45622,45619,parent,45620
49367,49365,parent,49364
49371,49369,parent,49368
49375,49373,parent,49372
49379,49377,parent,49376
49383,49381,parent,49380
49387,49385,parent,49384
49391,49389,parent,49388
49395,49393,parent,49392
49399,49397,parent,49396
49403,49400,parent,49401
49407,49404,parent,49405
49411,49408,parent,49409
49415,49412,parent,49413
49418,49416,parent,49417
49421,49416,parent,49419
49425,49422,parent,49423
58512,58509,parent,58510
59283,59280,parent,59281
59325,59285,parent,59323
59322,59287,parent,59320
59293,59291,parent,59290
59297,59295,parent,59294
59301,59299,parent,59298
59305,59303,parent,59302
59310,59308,parent,59307
59315,59313,parent,59312
59319,59317,parent,59316
59327,59326,parent,59289
59330,59326,parent,59328
59334,59331,parent,59332
59338,59335,parent,59336
65883,65881,parent,65880
71949,71946,parent,71947
71954,71951,parent,71952
71959,71956,parent,71957
71964,71961,parent,71962
71968,71965,parent,71966
71972,71969,parent,71970
71976,71973,parent,71974
71980,71977,parent,71978
71984,71981,parent,71982
71988,71985,parent,71986
71992,71989,parent,71990
71996,71993,parent,71994
72090,72087,parent,72088
72103,72100,parent,72101
72107,72104,parent,72105
77124,77122,parent,77121
84939,84936,parent,84937
84943,84940,parent,84941
84947,84944,parent,84945
84951,84948,parent,84949
84955,84952,parent,84953
84959,84956,parent,84957
84963,84960,parent,84961
84967,84964,parent,84965
84971,84968,parent,84969
84975,84972,parent,84973
84979,84976,parent,84977
84983,84980,parent,84981
84987,84984,parent,84985
84991,84988,parent,84989
84995,84992,parent,84993
84999,84996,parent,84997
85003,85000,parent,85001
85007,85004,parent,85005
85011,85008,parent,85009
85015,85012,parent,85013
85019,85016,parent,85017
85023,85020,parent,85021
85027,85024,parent,85025
85031,85028,parent,85029
90089,90086,parent,90087
90626,90623,parent,90624
90630,90627,parent,90628
91846,91843,parent,91844
91850,91847,parent,91848
91854,91851,parent,91852
91858,91855,parent,91856
99530,99527,parent,99528
99541,99538,parent,99539
99552,99549,parent,99550
99556,99553,parent,99554
99579,99576,parent,99577
99582,99576,parent,99580
99862,99859,parent,99860
105906,105903,parent,105904
106236,106233,parent,106234
115063,115061,parent,115060
116072,116069,parent,116070
128268,128265,parent,128266
128273,128270,parent,128271
134272,134269,parent,134270
134276,134273,parent,134274
134283,134280,parent,134281
134287,134284,parent,134285
134291,134288,parent,134289
134295,134292,parent,134293
135431,135428,parent,135429
137422,137420,parent,137370
137487,137484,parent,137485
137585,137582,parent,137583
137686,137683,parent,137684
137740,137737,parent,137738
137794,137741,parent,137792
137914,137912,parent,137911
137918,137915,parent,137916
138074,138071,parent,138072
142966,142914,parent,142964
182557,182554,parent,182555
182561,182558,parent,182559
182565,182562,parent,182563
182569,182566,parent,182567
182573,182570,parent,182571
182577,182574,parent,182575
183798,183795,parent,183796
188486,188483,parent,188484
188490,188487,parent,188488
188494,188491,parent,188492
188498,188495,parent,188496
31775,28590,parent,31774
31777,28591,parent,31776
31779,28592,parent,31778
73508,73506,caregiver,73505