id,field_person,field_related_by,field_related_to,created
96,6,parent,48,1592244289
97,7,parent,49,1592244289
98,8,parent,50,1592244289
99,9,parent,51,1592244289
100,10,parent,52,1592244289
101,11,parent,53,1592244289
102,12,parent,54,1592244289
103,13,parent,55,1592244289
104,14,parent,56,1592244289
105,15,parent,57,1592244289
106,16,parent,58,1592244289
107,17,parent,59,1592244289
108,18,parent,60,1592244289
109,19,parent,61,1592244289
110,20,parent,62,1592244289
111,21,parent,63,1592244289
112,22,parent,64,1592244289
113,23,parent,65,1592244289
114,24,parent,66,1592244289
115,25,parent,67,1592244289
116,26,parent,68,1592244289
117,27,parent,69,1592244289
118,28,parent,70,1592244289
119,29,parent,71,1592244289
120,30,parent,72,1592244289
121,31,parent,73,1592244289
122,32,parent,74,1592244289
123,33,parent,75,1592244289
124,34,parent,76,1592244289
125,35,parent,77,1592244289
126,36,parent,78,1592244289
127,37,parent,79,1592244289
128,38,parent,80,1592244289
129,39,parent,81,1592244289
130,40,parent,82,1592244289
131,41,parent,83,1592244289
132,42,parent,84,1592244289
133,43,parent,85,1592244289
134,44,parent,86,1592244289
135,45,parent,87,1592244289
136,46,parent,88,1592244289
137,47,parent,89,1592244289